City_ID,City,Country,Latitude,Longitude,Max Temp,Humidity,Cloudiness,Wind Speed,Weather Description
0,Katangli,RU,51.7102,143.2326,4.59,91,100,16.55,overcast clouds
1,Denpasar,ID,-8.65,115.2167,78.46,88,20,1.14,few clouds
2,Punta Arenas,CL,-53.15,-70.9167,55.51,44,0,24.16,clear sky
3,Ushuaia,AR,-54.8,-68.3,49.62,81,75,25.32,light rain
4,Khatanga,RU,71.9667,102.5,-7.15,100,97,5.21,overcast clouds
5,Thompson,CA,55.7435,-97.8558,-9.24,77,75,9.22,broken clouds
6,Saint-Philippe,RE,-21.3585,55.7679,78.39,81,67,14.58,light rain
7,Vaini,TO,-21.2,-175.2,71.76,94,20,3.44,few clouds
8,Rikitea,PF,-23.1203,-134.9692,76.08,79,100,11.36,overcast clouds
9,Mamlyutka,KZ,54.9375,68.5394,10.13,96,93,6.62,overcast clouds
10,Nikolskoye,RU,59.7035,30.7861,-4.25,100,56,0.43,broken clouds
11,El Alto,PE,-4.2714,-81.2147,78.46,65,100,12.46,overcast clouds
12,East London,ZA,-33.0153,27.9116,70.74,94,75,6.91,broken clouds
13,Cherskiy,RU,68.75,161.3,-13.67,99,95,0.31,overcast clouds
14,Souillac,MU,-20.5167,57.5167,77.38,73,40,17.27,scattered clouds
15,Westerland,DE,54.9079,8.3033,37.42,87,100,16.11,overcast clouds
16,Port Hedland,AU,-20.3167,118.5667,78.85,83,75,11.5,broken clouds
17,Lavrentiya,RU,65.5833,-171.0,18.52,80,100,9.1,overcast clouds
18,Fort Nelson,CA,58.8053,-122.7002,-0.81,85,100,8.05,light snow
19,Tuktoyaktuk,CA,69.4541,-133.0374,-14.8,76,20,11.5,few clouds
20,Bethel,US,41.3712,-73.414,44.55,65,20,11.01,few clouds
21,Itoman,JP,26.1247,127.6694,60.82,63,75,35.68,broken clouds
22,Kahului,US,20.8947,-156.47,70.84,88,0,6.91,clear sky
23,Lüderitz,NA,-26.6481,15.1594,71.31,76,12,20.6,few clouds
24,Ixtapa,MX,20.7,-105.2,74.23,60,75,1.99,broken clouds
25,Kapaa,US,22.0752,-159.319,68.32,88,20,8.05,few clouds
26,Mataura,NZ,-46.1927,168.8643,50.65,100,100,1.61,overcast clouds
27,Severo-Yeniseyskiy,RU,60.3725,93.0408,-13.36,98,95,3.02,overcast clouds
28,Ribeira Grande,PT,38.5167,-28.7,66.6,82,40,35.99,light rain
29,New Norfolk,AU,-42.7826,147.0587,48.7,70,9,2.42,clear sky
30,Kieta,PG,-6.2167,155.6333,78.69,85,94,3.42,overcast clouds
31,Marystown,CA,47.1666,-55.1483,36.75,75,98,16.35,overcast clouds
32,Arraial do Cabo,BR,-22.9661,-42.0278,80.46,74,75,14.97,broken clouds
33,Humaitá,BR,-7.5061,-63.0208,82.53,74,100,1.99,overcast clouds
34,Vao,NC,-22.6667,167.4833,77.16,69,14,9.22,few clouds
35,Jamestown,US,42.097,-79.2353,33.39,62,100,14.97,overcast clouds
36,Vila Velha,BR,-20.3297,-40.2925,78.75,78,75,11.5,broken clouds
37,Aulnoye-Aymeries,FR,50.2014,3.8384,28.22,77,19,6.44,few clouds
38,Anaconda,US,46.1285,-112.9423,23.14,86,95,6.33,overcast clouds
39,Bondo,CD,3.8146,23.6866,78.35,43,88,0.65,overcast clouds
40,Atasū,KZ,48.6814,71.6433,-9.94,95,19,0.89,few clouds
41,Bengkulu,ID,-3.8004,102.2655,75.16,91,56,3.65,broken clouds
42,Mount Gambier,AU,-37.8333,140.7667,51.55,90,2,8.84,clear sky
43,Lagoa,PT,39.05,-27.9833,62.92,78,21,33.24,light rain
44,Lebu,CL,-37.6167,-73.65,63.81,71,1,15.32,clear sky
45,Pochutla,MX,15.7432,-96.4661,86.83,46,9,5.14,clear sky
46,Whitianga,NZ,-36.8333,175.7,64.0,97,100,3.36,overcast clouds
47,Cabra,ES,37.4725,-4.4421,52.39,80,9,3.22,clear sky
48,Båtsfjord,NO,70.6345,29.7185,17.53,85,73,12.66,broken clouds
49,Ballina,AU,-28.8667,153.5667,62.02,86,98,13.87,overcast clouds
50,Ponta do Sol,PT,32.6667,-17.1,69.01,80,49,5.77,scattered clouds
51,Chulym,RU,55.0997,80.9572,-4.11,82,4,7.02,clear sky
52,Vila Franca do Campo,PT,37.7167,-25.4333,69.19,88,100,25.01,light rain
53,Bathsheba,BB,13.2167,-59.5167,84.81,82,20,24.16,few clouds
54,Hobart,AU,-42.8794,147.3294,49.05,90,58,0.0,broken clouds
55,Kirovskiy,RU,45.0917,133.5136,-5.44,96,80,3.0,broken clouds
56,Olafsvik,IS,64.8945,-23.7142,27.3,90,100,26.19,snow
57,Tuburan,PH,6.6439,122.2736,81.46,76,100,8.1,overcast clouds
58,Guerrero Negro,MX,27.9769,-114.0611,61.38,36,69,1.41,broken clouds
59,Sangar,RU,63.9242,127.4739,-52.74,100,34,1.14,scattered clouds
60,Dvinskoy,RU,62.1535,45.1175,-2.54,100,79,2.64,broken clouds
61,Poum,NC,-20.2333,164.0167,79.79,76,6,11.07,clear sky
62,Tutóia,BR,-2.7619,-42.2744,84.6,64,48,12.62,scattered clouds
63,Hobyo,SO,5.3505,48.5268,78.84,73,26,19.04,scattered clouds
64,George Town,MY,5.4112,100.3354,79.95,88,20,3.44,few clouds
65,Albany,US,42.6001,-73.9662,38.37,75,49,3.0,scattered clouds
66,San Andrés,CO,12.5847,-81.7006,86.02,70,40,13.8,scattered clouds
67,Dubbo,AU,-32.25,148.6167,53.73,71,0,10.36,clear sky
68,Forsytheganj,BY,52.6333,29.7333,28.58,97,100,12.33,snow
69,Umluj,SA,25.0213,37.2685,79.03,50,0,1.83,clear sky
70,Tiksi,RU,71.6872,128.8694,-31.74,99,88,3.8,overcast clouds
71,Porbandar,IN,21.6422,69.6093,79.02,40,75,9.22,broken clouds
72,Jacareacanga,BR,-6.2222,-57.7528,86.29,64,74,5.59,broken clouds
73,Polyarny,RU,69.1989,33.4478,16.47,80,27,15.3,scattered clouds
74,Shimoda,JP,34.6667,138.95,43.11,80,100,23.96,overcast clouds
75,Mehamn,NO,71.0357,27.8492,17.51,86,95,10.36,overcast clouds
76,Kysyl-Syr,RU,63.8986,122.7617,-51.92,100,85,2.93,overcast clouds
77,Coos Bay,US,43.3665,-124.2179,33.78,86,0,8.05,clear sky
78,Yellowknife,CA,62.456,-114.3525,-16.08,76,75,9.22,broken clouds
79,Lompoc,US,34.6391,-120.4579,58.78,73,0,10.36,clear sky
80,Kropotkin,RU,45.4375,40.5756,48.36,72,35,6.35,scattered clouds
81,Santa Maria,BR,-29.6842,-53.8069,81.7,36,40,11.5,scattered clouds
82,San Patricio,US,28.017,-97.5169,53.47,36,100,11.32,overcast clouds
83,Mahébourg,MU,-20.4081,57.7,78.26,73,40,17.27,scattered clouds
84,Padang,ID,-0.9492,100.3543,77.05,87,100,3.29,heavy intensity rain
85,Longyearbyen,SJ,78.2186,15.6401,4.84,78,40,8.05,light shower snow
86,Geraldton,AU,-28.7667,114.6,66.61,77,61,5.75,broken clouds
87,Nouakchott,MR,18.0858,-15.9785,93.13,27,2,10.04,clear sky
88,Ambanja,MG,-13.6833,48.45,76.14,90,83,2.04,moderate rain
89,Havre-St-Pierre,CA,50.2334,-63.5986,26.96,74,100,17.27,overcast clouds
90,Cidreira,BR,-30.1811,-50.2056,71.22,61,23,12.62,few clouds
91,Port Alfred,ZA,-33.5906,26.891,69.19,89,97,1.01,light rain
92,Busselton,AU,-33.65,115.3333,64.56,67,6,15.84,clear sky
93,Lorengau,PG,-2.0226,147.2712,79.9,77,67,1.59,broken clouds
94,Ilulissat,GL,69.2167,-51.1,15.82,57,40,20.71,scattered clouds
95,Turan,VN,16.0678,108.2208,66.18,94,100,6.91,mist
96,Pacific Grove,US,36.6177,-121.9166,53.51,71,0,0.0,clear sky
97,Beringovskiy,RU,63.05,179.3167,28.99,98,100,13.91,snow
98,Moree,AU,-29.4667,149.85,63.86,64,59,10.4,broken clouds
99,Bukama,CD,-9.2,25.85,72.36,90,93,1.36,light rain
100,Kendari,ID,-3.945,122.4989,77.25,85,100,7.25,overcast clouds
101,Hāgere Hiywet,ET,8.9833,37.85,62.64,60,88,6.78,overcast clouds
102,Hammerfest,NO,70.6634,23.6821,21.65,79,20,2.3,few clouds
103,Xam Nua,LA,20.4197,104.0439,46.9,81,100,2.95,overcast clouds
104,Gorontalo,ID,0.5412,123.0595,75.25,96,100,4.45,overcast clouds
105,Avarua,CK,-21.2078,-159.775,77.05,94,100,12.66,overcast clouds
106,Mayo,US,38.8876,-76.5119,47.39,46,40,13.8,scattered clouds
107,Shīeli,KZ,44.1667,66.75,25.81,64,5,10.92,clear sky
108,Sitka,US,57.0531,-135.33,26.49,39,0,3.44,clear sky
109,Saskylakh,RU,71.9167,114.0833,-36.51,100,55,5.19,broken clouds
110,Butaritari,KI,3.0707,172.7902,81.23,78,69,8.23,light rain
111,Severo-Kuril'sk,RU,50.6789,156.125,25.21,68,94,18.86,overcast clouds
112,Hithadhoo,MV,-0.6,73.0833,81.59,74,43,11.77,scattered clouds
113,Tuni,IN,17.35,82.55,72.28,87,41,5.68,scattered clouds
114,Deputatsky,RU,69.3,139.9,-38.25,99,57,3.15,broken clouds
115,Atuona,PF,-9.8,-139.0333,78.26,76,85,21.74,overcast clouds
116,Pingshan,CN,22.9938,114.7131,47.5,41,100,13.42,overcast clouds
117,Keti Bandar,PK,24.1447,67.4497,76.08,55,52,7.45,broken clouds
118,Knysna,ZA,-34.0363,23.0471,67.24,92,95,7.47,light rain
119,Digby,CA,44.6169,-65.7655,40.15,93,100,24.87,overcast clouds
120,Faanui,PF,-16.4833,-151.75,80.1,76,100,10.2,overcast clouds
121,Cockburn Town,TC,21.4612,-71.1419,78.55,63,34,13.31,scattered clouds
122,Pevek,RU,69.7008,170.3133,0.99,92,10,2.17,clear sky
123,Mar del Plata,AR,-38.0023,-57.5575,77.83,66,0,25.99,clear sky
124,Carnarvon,AU,-24.8667,113.6333,74.93,68,0,22.73,clear sky
125,Oranjemund,NA,-28.55,16.4333,68.05,85,24,14.5,few clouds
126,Portland,US,45.5234,-122.6762,35.42,87,20,0.0,few clouds
127,Hermanus,ZA,-34.4187,19.2345,72.81,75,80,16.58,broken clouds
128,Clyde River,CA,70.4692,-68.5914,10.63,85,100,13.8,overcast clouds
129,Bluff,NZ,-46.6,168.3333,52.92,84,100,12.28,overcast clouds
130,Saint Paul Harbor,US,57.79,-152.4072,29.71,86,75,5.75,broken clouds
131,Anloga,GH,5.7947,0.8973,82.15,76,98,11.54,overcast clouds
132,Bilma,NE,18.6853,12.9164,75.87,18,34,5.7,scattered clouds
133,Comodoro Rivadavia,AR,-45.8667,-67.5,80.46,16,0,16.11,clear sky
134,Puerto Ayora,EC,-0.7393,-90.3518,78.76,95,100,4.0,overcast clouds
135,San Cristobal,VE,7.7669,-72.225,77.18,42,43,6.64,scattered clouds
136,Naliya,IN,23.2667,68.8333,76.17,31,5,5.95,clear sky
137,Hastings,GB,50.8552,0.5729,41.52,64,98,10.83,overcast clouds
138,Requena,ES,39.4883,-1.1004,48.79,83,52,5.23,broken clouds
139,Luanda,AO,-8.8368,13.2343,78.8,78,20,13.8,few clouds
140,Bambous Virieux,MU,-20.3428,57.7575,78.22,73,40,17.27,scattered clouds
141,Flinders,AU,-34.5833,150.8552,59.18,81,89,7.0,light rain
142,Santander Jiménez,MX,24.2167,-98.4667,57.06,74,100,11.21,overcast clouds
143,Vardø,NO,70.3705,31.1107,13.98,85,40,26.46,scattered clouds
144,Suntar,RU,62.1444,117.6319,-39.48,100,64,2.15,broken clouds
145,Dikson,RU,73.5069,80.5464,7.09,91,100,20.22,overcast clouds
146,Saskatoon,CA,52.1168,-106.6345,-2.22,78,100,17.27,overcast clouds
147,Half Moon Bay,US,37.4636,-122.4286,51.87,83,0,3.44,clear sky
148,Cururupu,BR,-1.8283,-44.8683,88.45,52,71,8.1,broken clouds
149,Acarí,PE,-15.4311,-74.6158,76.69,68,100,9.37,overcast clouds
150,Esperance,AU,-33.8667,121.9,59.45,77,6,12.59,clear sky
151,Yar-Sale,RU,66.8333,70.8333,10.27,95,100,9.8,overcast clouds
152,Provideniya,RU,64.3833,-173.3,22.5,81,100,16.42,overcast clouds
153,Grindavik,IS,63.8424,-22.4338,28.87,100,100,27.63,snow
154,Bredasdorp,ZA,-34.5322,20.0403,69.17,75,86,13.49,overcast clouds
155,Krasnovishersk,RU,60.4078,57.082,-1.77,100,98,2.48,overcast clouds
156,Sinegor'ye,RU,62.0788,150.477,-11.56,99,100,3.09,overcast clouds
157,Broken Hill,AU,-31.95,141.4333,68.45,33,100,13.85,overcast clouds
158,Diffa,NE,13.3154,12.6113,77.4,16,61,8.46,broken clouds
159,Aksay,RU,47.26,39.87,45.25,71,53,5.99,broken clouds
160,Cootamundra,AU,-34.65,148.0333,49.95,70,0,17.34,clear sky
161,Gondanglegi,ID,-7.7479,112.0132,74.61,90,85,5.35,overcast clouds
162,Behshahr,IR,36.6923,53.5526,55.35,91,100,2.48,overcast clouds
163,Lamar,US,33.6668,-95.5836,44.37,42,0,12.66,clear sky
164,Cape Town,ZA,-33.9258,18.4232,73.81,72,20,16.11,few clouds
165,Boralday,KZ,43.3578,76.8594,22.86,74,40,8.95,mist
166,Saint George,US,37.1041,-113.5841,34.63,56,0,3.44,clear sky
167,Beyneu,KZ,45.3167,55.2,34.36,83,5,12.41,clear sky
168,Coffs Harbour,AU,-30.3,153.1333,63.14,63,78,14.97,broken clouds
169,Vostok,RU,46.4856,135.8833,-21.28,99,96,3.76,overcast clouds
170,Puerto Escondido,MX,15.85,-97.0667,86.83,70,0,5.75,clear sky
171,Karratha,AU,-20.7377,116.8463,78.91,69,15,17.49,few clouds
172,São Filipe,CV,14.8961,-24.4956,77.31,68,90,5.95,overcast clouds
173,Mtimbira,TZ,-8.7833,36.35,85.21,44,41,3.47,scattered clouds
174,Qaanaaq,GL,77.484,-69.3632,-3.03,69,71,10.45,broken clouds
175,Baracoa,CU,20.3467,-74.4958,82.36,55,6,5.73,clear sky
176,Kruisfontein,ZA,-34.0033,24.7314,68.88,91,100,3.56,light rain
177,Hong Kong,HK,22.2855,114.1577,54.32,39,100,5.01,overcast clouds
178,Mandera,KE,3.9366,41.867,87.48,22,17,9.33,few clouds
179,Matara,LK,5.9485,80.5353,75.11,86,100,6.51,overcast clouds
180,Yumen,CN,40.2833,97.2,9.61,63,0,5.53,clear sky
181,Hamilton,US,39.1834,-84.5333,35.04,68,100,13.8,overcast clouds
182,Namatanai,PG,-3.6667,152.4333,78.55,84,100,3.69,light rain
183,Klaksvík,FO,62.2266,-6.589,31.12,75,100,27.98,light snow
184,Tabas,IR,33.5959,56.9244,57.42,51,96,2.3,overcast clouds
185,Viedma,AR,-40.8135,-62.9967,92.1,16,4,18.05,clear sky
186,Norman Wells,CA,65.282,-126.8329,-5.76,77,40,11.5,light snow
187,Kumul,CN,42.8,93.45,18.48,39,0,3.22,clear sky
188,Stornoway,GB,58.2093,-6.3865,33.76,92,40,2.3,scattered clouds
189,Kaitangata,NZ,-46.2817,169.8464,50.45,97,100,5.5,overcast clouds
190,Camocim,BR,-2.9022,-40.8411,88.5,56,42,19.24,scattered clouds
191,Berlevåg,NO,70.8578,29.0864,17.55,73,70,1.14,broken clouds
192,Salinópolis,BR,-0.6136,-47.3561,84.47,66,59,11.81,broken clouds
193,Hilo,US,19.7297,-155.09,76.28,86,0,5.01,clear sky
194,Port Blair,IN,11.6667,92.75,82.44,74,75,4.61,mist
195,Kuznechnoye,RU,61.12,29.8686,4.84,99,86,3.98,overcast clouds
196,Phan Thiet,VN,10.9333,108.1,76.87,73,74,17.11,broken clouds
197,Kavieng,PG,-2.5744,150.7967,81.68,71,98,4.54,overcast clouds
198,Port Hardy,CA,50.6996,-127.4199,37.58,100,75,5.75,broken clouds
199,Abalak,RU,58.1286,68.5944,7.47,97,67,6.04,broken clouds
200,Cabo San Lucas,MX,22.8909,-109.9124,71.91,64,40,2.3,scattered clouds
201,Chunoyar,RU,57.4467,97.3217,-14.08,99,45,0.58,scattered clouds
202,Tuatapere,NZ,-46.1333,167.6833,52.48,96,100,3.69,light rain
203,Ipameri,BR,-17.7219,-48.1597,78.62,67,100,6.15,overcast clouds
204,Tottori-shi,JP,35.5,134.2333,37.04,98,100,14.07,light rain
205,Namwala,ZM,-15.7504,26.4384,67.91,93,100,2.57,overcast clouds
206,Magna,US,40.7091,-112.1016,25.9,70,20,9.22,few clouds
207,Darhan,MN,49.4867,105.9228,-3.44,91,42,5.1,scattered clouds
208,Maragogi,BR,-9.0122,-35.2225,83.95,57,92,12.3,overcast clouds
209,Pangnirtung,CA,66.1451,-65.7125,17.6,73,75,5.75,broken clouds
210,Sun Valley,US,39.5963,-119.776,33.3,83,100,6.91,overcast clouds
211,Corinth,GR,37.9407,22.9573,60.89,80,27,4.65,scattered clouds
212,Barnstaple,GB,51.0802,-4.0581,40.98,83,80,10.07,broken clouds
213,São João da Barra,BR,-21.6403,-41.0511,84.29,77,100,15.57,overcast clouds
214,Bouar,CF,5.934,15.596,76.59,21,21,5.1,few clouds
215,Erzin,TR,36.9559,36.2,60.55,64,19,4.07,few clouds
216,Yerbogachën,RU,61.2767,108.0108,-19.57,100,99,0.92,overcast clouds
217,Upernavik,GL,72.7868,-56.1549,10.33,58,100,5.57,overcast clouds
218,Sarai Naurang,PK,32.8259,70.7814,61.48,25,0,1.74,clear sky
219,Los Llanos de Aridane,ES,28.6585,-17.9182,65.95,83,75,3.44,broken clouds
220,Iqaluit,CA,63.7506,-68.5145,24.53,68,75,5.75,broken clouds
221,Hasaki,JP,35.7333,140.8333,42.22,88,100,12.88,light rain
222,Pangai,TO,-19.8,-174.35,79.02,74,1,8.05,clear sky
223,Abidjan,CI,5.3094,-4.0197,84.16,84,20,9.22,few clouds
224,Bereda,ES,43.2686,-7.5406,52.41,99,71,4.18,broken clouds
225,Jizan,SA,17.3333,42.6667,81.54,71,6,4.7,clear sky
226,Ust-Kuyga,RU,70.0167,135.6,-47.31,99,73,6.91,broken clouds
227,Garden City,US,42.3256,-83.331,30.99,73,100,16.11,overcast clouds
228,Calama,CL,-22.4667,-68.9333,72.09,21,0,19.57,clear sky
229,Ahipara,NZ,-35.1667,173.1667,62.19,96,96,2.91,overcast clouds
230,Wajir,KE,1.7471,40.0573,88.57,32,79,7.0,broken clouds
231,Lagos,NG,6.5833,3.75,84.52,69,100,6.69,overcast clouds
232,Itarema,BR,-2.9248,-39.9167,87.48,50,57,15.52,broken clouds
233,Okakarara,NA,-20.5833,17.4333,86.94,13,26,13.51,scattered clouds
234,Santa Marta,CO,11.2408,-74.199,87.89,56,40,15.01,scattered clouds
235,Pemba,MZ,-12.974,40.5178,79.5,83,75,11.5,broken clouds
236,Terenos,BR,-20.4422,-54.8603,91.11,43,75,10.36,broken clouds
237,Pisco,PE,-13.7,-76.2167,75.25,69,0,11.5,clear sky
238,Constitución,CL,-35.3333,-72.4167,66.88,61,40,11.3,scattered clouds
239,Inyonga,TZ,-6.7167,32.0667,68.0,86,91,5.7,overcast clouds
240,Saint-Augustin,CA,51.226,-58.6502,32.4,81,100,13.71,overcast clouds
241,Kashgar,CN,39.4547,75.9797,20.41,58,6,4.47,clear sky
242,Omaha,US,41.2586,-95.9378,23.52,65,100,21.85,overcast clouds
243,Rio Grande,BR,-32.035,-52.0986,78.91,61,52,18.1,broken clouds
244,Coyhaique,CL,-45.5752,-72.0662,63.21,42,40,10.36,scattered clouds
245,Alofi,NU,-19.0595,-169.9187,71.49,94,100,1.14,light rain
246,Misratah,LY,32.3754,15.0925,68.04,73,0,11.01,clear sky
247,Chui,UY,-33.6971,-53.4616,69.85,52,85,13.22,overcast clouds
248,Kamenka,RU,51.3223,42.7678,36.9,99,100,14.72,overcast clouds
249,Anadyr,RU,64.75,177.4833,25.3,86,100,24.61,light snow
250,Gamba,GA,-2.65,10.0,79.66,80,99,6.85,light rain
251,Durham,US,36.0335,-78.8664,48.61,69,75,6.91,broken clouds
252,Rome,US,43.2128,-75.4557,37.38,87,100,8.05,overcast clouds
253,Makkah al Mukarramah,SA,21.4267,39.8261,78.04,55,0,5.93,clear sky
254,Amurzet,RU,47.6967,131.0981,-11.49,94,94,4.36,overcast clouds
255,Isangel,VU,-19.55,169.2667,75.99,76,6,3.8,clear sky
256,Arrondissement de Saint-Denis,FR,48.9167,2.3333,29.14,89,49,8.05,scattered clouds
257,Ergani,TR,38.2653,39.7621,46.09,58,8,4.63,clear sky
258,Aklavik,CA,68.2191,-135.0107,-2.2,71,75,10.36,broken clouds
259,Pekan,MY,3.4836,103.3996,75.31,92,100,6.64,overcast clouds
260,Taltal,CL,-25.4,-70.4833,68.59,69,1,6.91,clear sky
261,Camacupa,AO,-12.0167,17.4833,67.42,84,94,3.67,moderate rain
262,Sioux Lookout,CA,50.1001,-91.917,17.67,86,100,12.66,light snow
263,Kalāleh,IR,37.3807,55.4916,51.4,87,100,0.0,light rain
264,São Félix do Xingu,BR,-6.6447,-51.995,86.14,62,59,4.0,light rain
265,Narvik,NO,68.4384,17.4272,26.01,91,100,2.84,light snow
266,Armidale,AU,-30.5167,151.65,44.17,93,41,5.5,scattered clouds
267,Barrow,US,71.2906,-156.7887,-7.58,77,0,10.36,clear sky
268,Dordrecht,NL,51.81,4.6736,31.05,85,17,5.01,few clouds
269,Ampanihy,MG,-24.7,44.75,71.22,84,97,9.35,light rain
270,Kankaanpää,FI,61.8,22.4167,27.36,92,100,9.98,light snow
271,Dongsheng,CN,39.8161,109.9776,9.93,40,0,18.45,clear sky
272,Catherinas Lust,GY,6.4,-57.6,74.52,94,100,4.38,overcast clouds
273,Usinsk,RU,65.9939,57.5281,7.84,98,97,10.2,overcast clouds
274,Starobesheve,UA,47.7504,38.0305,45.72,94,99,10.45,overcast clouds
275,Byron Bay,AU,-28.65,153.6167,61.95,79,97,14.32,light rain
276,Naze,JP,28.3667,129.4833,54.52,73,99,26.75,overcast clouds
277,Martapura,ID,-3.4167,114.85,75.29,100,100,3.44,overcast clouds
278,Dekar,BW,-21.5333,21.9333,85.14,28,33,6.29,scattered clouds
279,Oodweyne,SO,9.4092,45.064,63.88,52,4,10.8,clear sky
280,Balkhash,KZ,46.844,74.9804,6.58,86,31,6.96,scattered clouds
281,Alta Floresta,BR,-9.8756,-56.0861,84.29,61,73,3.74,broken clouds
282,Nome,US,64.5011,-165.4064,24.87,36,40,12.66,scattered clouds
283,Asău,RO,46.4333,26.4,34.72,85,99,1.39,overcast clouds
284,Saint Anthony,US,45.0205,-93.218,20.66,84,100,14.97,overcast clouds
285,Fereydūnkenār,IR,36.6864,52.5225,57.42,94,0,0.0,clear sky
286,Great Yarmouth,GB,52.6083,1.7305,38.01,87,67,16.02,broken clouds
287,Jinchang,CN,38.4953,102.1739,19.69,26,0,4.29,clear sky
288,Kastamonu Province,TR,41.5,33.6667,46.8,81,72,2.1,broken clouds
289,Skibbereen,IE,51.55,-9.2667,49.1,76,50,12.91,scattered clouds
290,Rawson,AR,-43.3002,-65.1023,72.09,37,100,12.8,overcast clouds
291,Durban,ZA,-29.8579,31.0292,77.92,90,47,8.01,scattered clouds
292,Sopela,ES,43.3789,-2.9831,56.07,69,0,8.05,clear sky
293,Agadez,NE,19.75,10.25,70.52,20,0,4.99,clear sky
294,Talas,TR,38.6908,35.5538,39.87,93,100,5.75,overcast clouds
295,Haysville,US,37.5645,-97.3523,36.72,43,0,16.11,clear sky
296,Port Augusta,AU,-32.5,137.7667,74.79,25,100,19.37,overcast clouds
297,Myre,NO,69.1036,15.9492,27.9,76,69,4.21,broken clouds
298,Merauke,ID,-8.4667,140.3333,78.53,86,79,4.88,broken clouds
299,Maputo,MZ,-25.9653,32.5892,73.08,93,91,19.13,light rain
300,Leshukonskoye,RU,64.8989,45.7622,5.45,97,67,6.51,broken clouds
301,Katsuura,JP,35.1333,140.3,46.42,89,100,8.97,light rain
302,Haines Junction,CA,60.7522,-137.5108,-13.05,70,60,4.61,broken clouds
303,Imbituba,BR,-28.24,-48.6703,71.96,58,93,6.46,overcast clouds
304,Balkanabat,TM,39.5108,54.3671,48.67,57,27,4.14,scattered clouds
305,Nemuro,JP,43.3236,145.575,34.2,100,100,20.4,light snow
306,Ibiporã,BR,-23.2692,-51.0481,84.92,51,20,9.22,few clouds
307,Mogadishu,SO,2.0371,45.3438,78.91,77,17,19.26,few clouds
308,Benghazi,LY,32.1167,20.0667,70.68,50,0,7.85,clear sky
309,Pacifica,US,37.6138,-122.4869,52.02,74,0,11.99,clear sky
310,Nouadhibou,MR,20.931,-17.0347,76.98,53,9,10.36,clear sky
311,Dunedin,NZ,-45.8742,170.5036,52.81,99,100,1.99,overcast clouds
312,Kurchum,KZ,48.5722,83.6542,14.81,83,100,2.06,overcast clouds
313,Cotonou,BJ,6.3654,2.4183,84.18,79,20,11.5,few clouds
314,Ishikawa,JP,26.4233,127.8214,60.76,58,100,20.71,overcast clouds
315,Nuevo Progreso,MX,23.1667,-97.95,61.47,74,100,5.99,overcast clouds
316,Görele,TR,41.0308,39.0031,56.79,54,6,7.09,clear sky
317,Torbay,CA,47.6666,-52.7314,35.58,93,100,17.27,overcast clouds
318,Port Elizabeth,ZA,-33.918,25.5701,71.1,88,75,5.75,light rain
319,Shelburne,CA,44.0787,-80.2041,30.65,90,95,11.45,overcast clouds
320,Muros,ES,42.7762,-9.0603,56.08,83,92,11.95,overcast clouds
321,Vila do Maio,CV,15.1333,-23.2167,79.59,77,100,14.07,overcast clouds
322,Mto wa Mbu,TZ,-3.35,35.85,76.5,55,99,2.51,overcast clouds
323,Cap Malheureux,MU,-19.9842,57.6142,78.48,69,79,10.0,broken clouds
324,Umm Kaddadah,SD,13.6017,26.6876,71.01,26,45,12.08,scattered clouds
325,Puerto del Rosario,ES,28.5004,-13.8627,69.55,73,20,6.91,few clouds
326,Helong,CN,42.5397,128.9972,-2.2,73,94,10.0,overcast clouds
327,Visnes,NO,59.3556,5.2242,43.21,75,75,19.57,broken clouds
328,Madimba,TZ,-10.4,40.3333,80.08,78,46,8.86,scattered clouds
329,Ekhabi,RU,53.5102,142.9671,3.61,97,100,8.86,overcast clouds
330,San Borja,BO,-14.8167,-66.85,84.33,67,96,6.49,overcast clouds
331,Erāttupetta,IN,9.7,76.7833,76.33,82,80,3.13,broken clouds
332,Rosario,AR,-32.9468,-60.6393,86.95,22,0,9.22,clear sky
333,La Ronge,CA,55.1001,-105.2842,-7.35,71,75,11.5,broken clouds
334,Bihārīganj,IN,25.7333,86.9833,62.98,41,0,5.77,clear sky
335,Hede,CN,33.7681,120.2517,25.25,27,0,12.03,clear sky
336,Chilca,PE,-12.5211,-76.7372,71.17,78,58,9.13,broken clouds
337,Laas,IT,46.6166,10.7002,31.08,43,6,3.4,clear sky
338,Atlantic City,US,39.3643,-74.4229,47.12,48,0,16.11,clear sky
339,Faya,SA,18.3851,42.4509,57.72,38,1,9.64,clear sky
340,The Valley,AI,18.217,-63.0578,84.06,69,20,16.11,few clouds
341,Chippewa Falls,US,44.9369,-91.3929,24.98,91,100,10.36,overcast clouds
342,Shache,CN,38.4167,77.2406,20.3,51,0,1.77,clear sky
343,Sibolga,ID,1.7427,98.7792,76.12,90,100,1.86,overcast clouds
344,Guamal,CO,9.1433,-74.2238,89.6,53,94,1.72,overcast clouds
345,Gijang,KR,35.2442,129.2139,24.53,43,4,12.59,clear sky
346,Vokhtoga,RU,58.8147,41.0461,16.36,95,100,4.99,overcast clouds
347,Churapcha,RU,62.0025,132.4325,-50.31,98,97,0.74,overcast clouds
348,Dingle,PH,10.9995,122.6711,74.12,93,46,7.78,scattered clouds
349,Am Timan,TD,11.0297,20.2827,80.46,16,67,5.5,broken clouds
350,San-Pédro,CI,4.7485,-6.6363,80.53,78,34,6.35,scattered clouds
351,Alexandria,EG,31.2156,29.9553,64.94,81,0,13.15,clear sky
352,Wilmington,US,34.2257,-77.9447,55.0,51,0,10.36,clear sky
353,Xaçmaz,AZ,41.4635,48.806,45.48,92,4,4.36,clear sky
354,Shakiso,ET,5.75,38.9167,64.42,42,69,2.77,broken clouds
355,Matadi,CD,-5.8167,13.45,80.89,76,47,2.04,scattered clouds
356,Sydney,AU,-33.8679,151.2073,58.59,91,75,18.41,shower rain
357,Maxixe,MZ,-23.8597,35.3472,81.01,84,61,14.03,broken clouds
358,Hofn,IS,64.2539,-15.2082,22.42,65,100,14.79,overcast clouds
359,Belaya Gora,RU,68.5333,146.4167,-39.32,100,53,1.63,broken clouds
360,Jiwani,PK,25.05,61.7417,74.79,38,0,8.52,clear sky
361,Mahajanga,MG,-15.7167,46.3167,80.62,78,20,5.75,few clouds
362,Horsham,GB,51.064,-0.3272,40.01,81,0,1.14,clear sky
363,Naivasha,KE,-0.7167,36.4359,60.6,82,98,3.85,overcast clouds
364,Gararu,BR,-9.9675,-37.0833,93.45,39,90,14.88,overcast clouds
365,Arrondissement de Verdun,FR,49.25,5.3333,23.41,75,11,7.47,few clouds
366,Esim,GH,4.8699,-2.2405,80.65,76,30,8.61,scattered clouds
367,Samarai,PG,-10.6167,150.6667,81.81,78,96,5.35,overcast clouds
368,Airai,TL,-8.9266,125.4092,59.45,94,99,1.28,overcast clouds
369,Conceição do Araguaia,BR,-8.2578,-49.2647,78.12,80,100,5.66,heavy intensity rain
370,Winona,US,43.9666,-91.7668,20.98,82,100,6.91,overcast clouds
371,Castro,BR,-24.7911,-50.0119,71.62,70,24,3.87,few clouds
372,Nanortalik,GL,60.1432,-45.2371,24.98,69,4,8.59,clear sky
373,Zlobin,HR,45.2924,14.6541,36.79,66,20,11.5,few clouds
374,Nālūt,LY,30.3333,10.85,68.27,27,1,6.8,clear sky
375,Fort Saint James,CA,54.4333,-124.25,2.7,66,89,10.49,overcast clouds
376,Province of Trapani,IT,37.8333,12.6667,59.09,94,20,5.75,few clouds
377,Balikpapan,ID,-1.2675,116.8289,77.99,94,20,3.44,light rain
378,Coxim,BR,-18.5067,-54.76,94.03,38,14,2.84,few clouds
379,Nikel,RU,69.4128,30.222,-0.22,92,35,8.59,scattered clouds
380,Saldanha,ZA,-33.0117,17.9442,73.45,87,35,20.96,scattered clouds
381,Arlit,NE,18.7369,7.3853,78.42,11,2,7.92,clear sky
382,Tezu,IN,27.9167,96.1667,62.69,47,14,4.47,few clouds
383,Laguna,US,38.421,-121.4238,49.96,93,0,0.0,mist
384,La Rioja,ES,42.25,-2.5,37.18,91,14,3.18,few clouds
385,Charcas,MX,23.1333,-101.1167,59.43,49,70,8.86,broken clouds
386,Barra Patuca,HN,15.8,-84.2833,81.86,73,34,11.77,light rain
387,Matiri,TZ,-10.75,34.9,71.4,66,93,1.32,overcast clouds
388,Thinadhoo,MV,0.5333,72.9333,81.1,75,54,10.38,broken clouds
389,Tual,ID,-5.6667,132.75,83.64,77,100,12.06,overcast clouds
390,Codrington,AU,-38.2667,141.9667,50.43,93,0,10.04,clear sky
391,San Rafael,AR,-34.6177,-68.3301,87.94,23,3,16.73,clear sky
392,Tasiilaq,GL,65.6145,-37.6368,15.96,56,0,7.31,clear sky
393,Pouembout,NC,-21.1333,164.9,75.27,88,4,3.69,clear sky
394,Lensk,RU,60.7253,114.9278,-30.24,97,44,3.0,scattered clouds
395,Motygino,RU,58.1831,94.7592,-24.9,100,85,1.9,overcast clouds
396,Atar,MR,20.5169,-13.0499,81.7,20,0,9.82,clear sky
397,Cedar City,US,37.6775,-113.0619,24.4,100,0,0.0,clear sky
398,Skellefteå,SE,64.7507,20.9528,7.16,92,62,5.75,broken clouds
399,Alenquer,BR,-1.9417,-54.7383,96.57,30,13,5.01,few clouds
400,Korla,CN,41.7597,86.1469,18.03,63,30,4.81,scattered clouds
401,Pokrovskoye,RU,47.4157,38.8971,44.49,93,78,8.55,broken clouds
402,Dalvik,IS,65.9702,-18.5286,19.33,88,100,5.19,light snow
403,Bay Roberts,CA,47.5999,-53.2648,36.34,93,99,11.01,overcast clouds
404,Mahibadhoo,MV,3.7833,72.9667,81.01,76,71,11.07,broken clouds
405,Port-Gentil,GA,-0.7193,8.7815,80.56,83,20,10.36,few clouds
406,Nara,JP,34.6851,135.8049,42.49,69,90,9.26,overcast clouds
407,Tateyama,JP,34.9833,139.8667,47.57,88,100,5.44,overcast clouds
408,Kostanay,KZ,53.1667,63.5833,19.69,93,0,2.24,clear sky
409,Saint-Joseph,RE,-21.3667,55.6167,77.38,80,67,12.46,broken clouds
410,Camalú,MX,30.85,-116.0667,61.0,34,95,1.21,overcast clouds
411,Praia da Vitória,PT,38.7333,-27.0667,66.45,88,40,35.48,light intensity shower rain
412,Monoharpur,IN,22.1083,88.0789,65.35,27,9,6.26,clear sky
413,Revda,RU,56.801,59.9303,13.06,97,100,3.18,overcast clouds
414,Mirny,RU,62.5353,113.9611,-37.89,100,97,2.64,overcast clouds
415,Schattdorf,CH,46.8655,8.6547,31.53,51,43,5.86,scattered clouds
416,Huanan,CN,46.2167,130.5167,-8.99,97,89,6.11,overcast clouds
417,Neijiang,CN,29.5835,105.0622,41.72,70,77,3.22,broken clouds
418,Kalispell,US,48.1958,-114.3129,24.39,93,100,0.0,overcast clouds
419,Zhangye,CN,38.9342,100.4517,14.16,46,0,6.08,clear sky
420,Ol'ga,RU,43.7444,135.2892,4.06,64,33,11.5,scattered clouds
421,Santa Paula,US,34.3542,-119.0593,60.84,31,0,13.8,clear sky
422,Los Zacatones,MX,22.95,-102.05,66.58,15,42,10.13,scattered clouds
423,Maumere,ID,-8.6199,122.2111,77.61,79,97,4.54,overcast clouds
424,Guarapuava,BR,-25.3953,-51.4581,74.93,46,39,2.06,scattered clouds
425,Gouré,NE,13.9835,10.2704,74.59,16,95,9.91,overcast clouds
426,Vestmanna,FO,62.1564,-7.1664,29.32,64,75,16.11,broken clouds
427,Vălenii de Munte,RO,45.1833,26.0333,46.83,81,65,3.44,broken clouds
428,Coahuayana Viejo,MX,18.7333,-103.6833,81.05,53,99,3.69,overcast clouds
429,Hirara,JP,24.8,125.2833,59.85,66,100,37.36,light rain
430,Buzuluk,RU,52.7807,52.2635,25.38,85,100,8.57,snow
431,Aksarka,RU,66.5606,67.7975,3.36,94,99,4.38,overcast clouds
432,Chara,RU,56.9064,118.2631,-31.58,76,3,0.34,clear sky
433,Caohe,CN,30.2297,115.4335,29.68,23,3,2.28,clear sky
434,Beloha,MG,-25.1667,45.05,72.39,88,99,6.4,light rain
435,Ulaangom,MN,49.9811,92.0667,-18.92,98,95,1.54,overcast clouds
436,Sorong,ID,-0.8833,131.25,75.76,94,100,3.58,overcast clouds
437,Tanabe,JP,33.7333,135.3667,42.04,71,77,23.6,broken clouds
438,Pamplona,ES,42.8169,-1.6432,45.46,84,40,4.61,scattered clouds
439,Mehrān,IR,33.1222,46.1646,62.29,48,0,5.28,clear sky
440,Tilichiki,RU,60.4667,166.1,26.65,95,100,12.39,snow
441,Keetmanshoop,NA,-26.5833,18.1333,77.56,37,0,18.59,clear sky
442,Lata,PT,40.1629,-8.3327,54.91,92,69,2.42,broken clouds
443,Liberal,US,37.0431,-100.921,36.64,30,0,5.75,clear sky
444,High Level,CA,58.5169,-117.136,-5.69,84,75,17.27,broken clouds
445,Eskilstuna,SE,59.3666,16.5077,28.18,93,84,10.4,broken clouds
446,Salalah,OM,17.0151,54.0924,82.49,26,0,12.66,clear sky
447,Shalyhyne,UA,51.5717,34.1217,39.11,100,100,11.97,overcast clouds
448,Wiehl,DE,50.95,7.5333,27.39,95,2,4.25,clear sky
449,Chaltyr,RU,47.2848,39.4823,45.37,88,70,7.63,broken clouds
450,Mazatlán,MX,23.2167,-106.4167,73.02,74,20,0.0,few clouds
451,Cariamanga,EC,-4.3333,-79.55,66.97,46,93,5.41,overcast clouds
452,San Fernando del Valle de Catamarca,AR,-28.4696,-65.7852,67.41,41,90,8.41,overcast clouds
453,Bubaque,GW,11.2833,-15.8333,82.13,59,3,9.98,clear sky
454,Zarubino,RU,42.63,131.0922,6.94,61,77,17.74,broken clouds
455,Hualmay,PE,-11.0964,-77.6139,74.37,71,41,11.07,scattered clouds
456,Akşehir,TR,38.3575,31.4164,50.76,71,100,2.17,overcast clouds
457,Bandarbeyla,SO,9.4942,50.8122,76.73,73,16,22.84,few clouds
458,Garoowe,SO,8.4054,48.4845,73.76,47,4,19.08,clear sky
459,Morehead,US,37.2711,-87.1764,39.99,52,40,12.66,scattered clouds
460,Antsohihy,MG,-14.8796,47.9875,77.92,81,100,1.39,light rain
461,Kavaratti,IN,10.5669,72.642,81.21,67,1,3.67,clear sky
462,Wheeling,US,42.1392,-87.929,25.99,79,100,19.57,overcast clouds
463,Bignona,SN,12.8103,-16.2264,89.94,15,7,3.96,clear sky
464,Aykhal,RU,66.0,111.5,-23.51,100,100,4.05,overcast clouds
465,Radzyń Podlaski,PL,51.7833,22.6167,21.81,92,100,12.03,overcast clouds
466,Huilong,CN,31.8111,121.655,25.93,34,1,16.78,clear sky
467,Tessalit,ML,20.1986,1.0114,77.77,10,0,7.54,clear sky
468,Hervey Bay,AU,-25.2986,152.8535,71.38,71,93,18.61,overcast clouds
469,Novovasylivka,UA,46.8315,35.7536,49.84,92,85,15.95,overcast clouds
470,Fairbanks,US,64.8378,-147.7164,-25.64,72,0,0.0,clear sky
471,Okha,RU,53.5739,142.9478,4.19,96,100,8.75,overcast clouds
472,City of San Pedro,PH,14.35,121.0167,80.35,89,40,5.75,scattered clouds
473,Yangi Marg`ilon,UZ,40.4272,71.7189,30.92,86,52,4.61,mist
474,Vestmannaeyjar,IS,63.4427,-20.2734,32.99,100,75,42.57,broken clouds
475,Northampton,US,40.8754,-75.2499,40.24,62,19,3.0,few clouds
476,St. George's,GD,12.0564,-61.7485,85.68,66,40,20.71,scattered clouds
477,Isabela,PH,6.7085,121.9711,79.02,80,100,1.77,overcast clouds
478,Tehri,IN,30.3833,78.4833,53.35,40,0,4.5,clear sky
479,Fortuna,US,40.5982,-124.1573,35.94,100,0,0.0,clear sky
480,Udachny,RU,66.4167,112.4,-38.88,100,77,3.15,broken clouds
481,Shunyi,CN,40.125,116.6453,10.35,48,0,4.47,clear sky
482,Conde,BR,-7.2597,-34.9075,85.46,51,40,11.5,scattered clouds
483,Camacha,PT,33.0833,-16.3333,63.82,72,20,13.8,few clouds
484,Kalianget,ID,-7.05,113.9333,79.16,81,97,5.28,overcast clouds
485,Jalu,LY,29.0331,21.5482,66.25,43,0,8.43,clear sky
486,Buturlinovka,RU,50.8239,40.6092,40.89,96,100,15.01,light rain
487,Coalinga,US,36.1397,-120.3602,32.25,52,9,2.51,clear sky
488,Bara,NG,10.3744,10.7288,80.13,18,96,7.56,overcast clouds
489,Dalby,AU,-27.1833,151.2667,61.99,82,51,11.48,broken clouds
490,San Francisco,US,37.7749,-122.4194,52.27,67,0,11.01,clear sky
491,Chokurdakh,RU,70.6333,147.9167,-38.29,100,23,2.71,few clouds
492,Haimen,CN,23.1935,116.6142,49.89,48,83,15.21,broken clouds
493,Seoul,KR,37.5683,126.9778,15.24,55,0,6.91,clear sky
494,Ancud,CL,-41.8697,-73.8203,61.32,70,56,10.6,broken clouds
495,Ţahţā,EG,26.7693,31.5021,70.84,29,0,4.32,clear sky
496,Effingham County,US,32.3669,-81.3332,60.75,34,93,9.62,overcast clouds
497,Aswān,EG,24.0934,32.907,78.1,33,0,5.75,clear sky
498,Boyolangu,ID,-8.1181,111.8935,75.15,90,99,1.61,overcast clouds
499,Macaúbas,BR,-13.0194,-42.6986,69.49,91,100,1.77,overcast clouds
500,Gemeente Wageningen,NL,51.9667,5.6667,29.08,89,100,5.75,mist
501,Mali,GN,12.079,-12.2982,72.03,18,2,2.28,clear sky
502,Rundu,NA,-17.9333,19.7667,74.1,46,39,5.68,scattered clouds
503,Mumford,GH,5.2618,-0.759,80.4,81,83,10.29,broken clouds
504,Resistencia,AR,-27.4606,-58.9839,85.98,28,75,5.75,broken clouds
505,Sharjah city,AE,25.3573,55.4033,78.78,53,0,8.05,clear sky
506,Port Lincoln,AU,-34.7333,135.8667,60.89,88,100,13.89,overcast clouds
507,Marawi,PH,7.9986,124.2928,67.96,97,100,1.88,overcast clouds
508,Yulara,AU,-25.2406,130.9889,67.77,53,82,14.32,broken clouds
509,Gold Coast,AU,-28.0,153.4333,68.0,74,78,13.8,broken clouds
510,Arkhipo-Osipovka,RU,44.37,38.52,53.44,73,55,4.43,broken clouds
511,Kudahuvadhoo,MV,2.6708,72.8944,81.0,75,53,10.38,broken clouds
512,Tiznit Province,MA,29.5833,-9.5,61.27,63,0,6.04,clear sky
513,Alice Springs,AU,-23.7,133.8833,67.55,37,40,2.3,scattered clouds
514,Moose Factory,CA,51.2585,-80.6094,30.18,86,100,6.91,overcast clouds
515,Ola,RU,59.5833,151.2833,12.83,81,100,20.38,overcast clouds
516,Hermosillo,MX,29.0667,-110.9667,64.24,42,0,5.01,clear sky
517,Manadhoo,MV,5.7667,73.3833,81.27,73,57,9.53,broken clouds
518,Hambantota,LK,6.1241,81.1185,76.78,79,100,16.44,overcast clouds
519,Yaan,NG,7.3833,8.5667,81.46,18,100,4.41,overcast clouds
520,Buenaventura,CO,3.8801,-77.0312,78.58,90,100,4.76,overcast clouds
521,Westport,US,41.1415,-73.3579,46.44,58,0,13.8,clear sky
522,Northam,GB,51.0333,-4.2167,40.39,83,77,11.03,broken clouds
523,Belmonte,BR,-15.8631,-38.8828,81.18,73,91,12.62,overcast clouds
524,Losinyy,RU,57.1386,61.0666,15.55,94,82,4.43,broken clouds
525,Arzgir,RU,45.3728,44.2206,39.43,82,27,9.26,scattered clouds
526,Mandalgovi,MN,45.7625,106.2708,7.54,55,41,6.76,scattered clouds
527,Astoria,US,46.1879,-123.8313,38.86,97,100,4.61,mist
528,Ushtobe,KZ,45.2514,77.9838,11.41,93,33,4.74,scattered clouds
529,Maryborough,AU,-25.5333,152.7,67.5,76,92,7.99,overcast clouds
530,That Phanom,TH,16.9364,104.7104,56.91,60,16,11.61,few clouds
531,Mafeteng,LS,-29.823,27.2374,64.0,61,87,4.7,light rain
532,Barcelona,ES,41.3888,2.159,56.53,79,20,0.0,few clouds
533,Kampene,CD,-3.6,26.6667,70.57,86,91,0.22,light rain
534,Holland,US,42.7875,-86.1089,30.38,87,100,13.8,snow
535,Varca,IN,15.2167,73.9167,78.73,69,22,5.46,few clouds
536,Al Bardīyah,LY,31.7561,25.0865,65.77,81,63,9.24,broken clouds
537,Mangai,CD,-4.05,19.5333,71.76,89,97,1.01,overcast clouds
538,Alcamo,IT,37.9983,12.9565,60.96,83,100,3.02,overcast clouds
539,Caniço,PT,32.6333,-16.85,68.72,84,20,20.71,few clouds
540,Avilés,ES,43.5547,-5.9248,54.37,78,20,0.0,few clouds
541,Narsaq,GL,60.9167,-46.05,14.22,67,5,6.35,clear sky
542,Roald,NO,62.5833,6.1333,33.94,64,0,20.71,clear sky
543,Caranavi,BO,-15.8167,-67.55,81.91,48,99,2.51,overcast clouds
544,Saint-Pierre,RE,-21.3393,55.4781,78.48,73,0,4.61,clear sky
545,Charters Towers,AU,-20.1,146.2667,72.45,80,50,14.05,scattered clouds
546,Riberalta,BO,-10.9833,-66.1,86.2,70,75,4.61,broken clouds
547,Ruidoso,US,33.3317,-105.673,48.06,30,0,10.36,clear sky
548,Eyrarbakki,IS,63.863,-21.1481,26.65,76,100,21.09,overcast clouds
549,Gloversville,US,43.0528,-74.3438,37.74,88,100,6.91,overcast clouds
550,Coquimbo,CL,-29.9533,-71.3436,64.13,77,100,4.61,overcast clouds
551,Urengoy,RU,65.9667,78.3667,5.59,96,100,7.23,light snow
552,French Harbor,HN,16.35,-86.4333,84.07,85,75,11.5,broken clouds
553,Novobiryusinskiy,RU,56.9578,97.7076,-13.58,100,59,0.96,broken clouds
554,Grand Junction,US,39.0639,-108.5507,22.33,53,0,13.8,clear sky
555,Camaná,PE,-16.6228,-72.7111,71.98,76,100,6.73,overcast clouds
556,East Islip,US,40.732,-73.1857,46.63,58,20,14.97,few clouds
557,Burns Lake,CA,54.2331,-125.7533,6.22,61,100,3.65,overcast clouds
558,Katherine,AU,-14.4667,132.2667,75.52,94,100,4.61,light rain
559,Matagami,CA,49.7502,-77.6328,26.71,93,100,6.91,overcast clouds
560,Tura,IN,25.5198,90.2201,61.52,86,6,2.73,clear sky
561,Chingola,ZM,-12.529,27.8838,63.73,94,100,4.92,light rain
562,Gushikawa,JP,26.3544,127.8686,60.03,58,100,20.71,overcast clouds
563,Fuyu,CN,45.1833,124.8167,-4.36,64,82,5.86,broken clouds
564,Price,US,39.5994,-110.8107,20.12,53,0,3.44,clear sky
565,Xichang,CN,27.8964,102.2634,34.03,80,91,1.77,overcast clouds
566,Quime,BO,-16.9833,-67.2167,58.53,76,95,5.73,overcast clouds
567,Kulhudhuffushi,MV,6.6221,73.07,81.43,71,56,10.02,broken clouds
568,Ust'-Kan,RU,50.9276,84.761,9.61,78,44,3.33,scattered clouds
569,Opuwo,NA,-18.0607,13.84,79.83,35,49,15.17,scattered clouds
570,Brentwood,US,40.7812,-73.2462,46.44,59,20,14.97,few clouds
571,Newport,GB,51.5877,-2.9984,41.54,77,98,10.51,overcast clouds
572,Sechura,PE,-5.5569,-80.8222,79.93,55,100,10.04,overcast clouds
573,Caravelas,BR,-17.7125,-39.2481,78.75,87,100,7.99,overcast clouds
574,Ialibu,PG,-6.2821,143.9935,57.02,98,100,0.63,overcast clouds
575,Rafrāf,TN,37.1904,10.1837,59.32,65,95,2.73,overcast clouds
576,Florianópolis,BR,-27.6146,-48.5012,72.63,57,0,9.22,clear sky
577,Brigantine,US,39.4101,-74.3646,47.14,50,0,16.11,clear sky
578,Sand Springs,US,36.1398,-96.1089,38.95,44,0,10.36,clear sky
579,Karatuzskoye,RU,53.6072,92.8667,-9.99,99,9,1.12,clear sky
580,Svendborg,DK,55.0598,10.6068,29.86,87,47,15.05,scattered clouds
581,Ugoofaaru,MV,5.6667,73.0,81.14,75,60,9.46,broken clouds
582,Amahai,ID,-3.3333,128.9167,77.99,87,98,3.67,overcast clouds
583,Paraíso,CR,9.8383,-83.8656,78.89,72,72,5.53,broken clouds
584,Canmore,CA,51.0834,-115.3521,4.48,78,100,10.36,light snow
585,Auki,SB,-8.7676,160.7034,75.96,88,39,3.74,scattered clouds
586,San Quintín,MX,30.4833,-115.95,61.5,40,87,1.88,overcast clouds
587,Maningrida,AU,-12.0667,134.2667,78.69,84,100,4.18,overcast clouds
588,Verāval,IN,20.9,70.3667,76.73,59,31,5.1,scattered clouds
589,Oddur,SO,4.1213,43.8894,79.63,33,11,7.58,few clouds
590,Ucluelet,CA,48.9329,-125.5528,38.08,92,98,2.62,overcast clouds
591,Dalbandin,PK,28.8947,64.4101,53.33,30,0,2.33,clear sky
592,Mpika,ZM,-11.8343,31.4529,64.58,88,89,3.56,overcast clouds
593,Boulsa,BF,12.6675,-0.5758,82.98,15,3,8.01,clear sky
594,Porto-Novo,BJ,6.4965,2.6036,84.02,75,100,8.5,overcast clouds
595,Salamiyah,SY,35.0113,37.0532,57.74,57,19,4.18,few clouds
596,Pokhara,NP,28.2333,83.9833,55.49,62,15,4.85,few clouds
597,Guarapari,BR,-20.6667,-40.4975,78.57,84,98,8.34,overcast clouds
598,Izmaylovo,RU,53.7211,47.2458,29.25,93,100,10.71,light snow
599,Wajima,JP,37.4,136.9,38.84,77,100,31.36,overcast clouds
600,Hedaru,TZ,-4.5,37.9,76.21,67,68,5.23,broken clouds
601,Sisimiut,GL,66.9395,-53.6735,17.91,69,100,15.17,overcast clouds
602,Qaqortoq,GL,60.7167,-46.0333,12.72,69,5,6.4,clear sky
603,Bahir Dar,ET,11.5936,37.3908,67.69,47,48,3.83,scattered clouds
604,Ailigandí,PA,9.2333,-78.0167,82.78,74,35,5.53,scattered clouds
605,Neuquén,AR,-38.9516,-68.0591,85.89,17,0,11.5,clear sky
606,Esmeralda,CU,21.8525,-78.1169,86.45,38,0,5.82,clear sky
607,Eshowe,ZA,-28.8865,31.4699,67.86,89,62,6.15,light rain
608,Lanzhou,CN,36.0564,103.7922,18.79,64,0,2.04,clear sky
609,Nizhnevartovsk,RU,60.9344,76.5531,1.42,78,100,8.99,light snow
610,Thohoyandou,ZA,-22.9456,30.485,78.6,62,100,2.95,light rain
611,Atambua,ID,-9.1061,124.8925,72.12,88,99,2.48,overcast clouds
612,Lashio,MM,22.9333,97.75,63.54,74,100,1.77,overcast clouds
613,Batemans Bay,AU,-35.7167,150.1833,55.04,73,66,7.74,broken clouds
614,Rāiganj,IN,25.6167,88.1167,65.17,48,1,6.69,clear sky
615,Henties Bay,NA,-22.116,14.2845,64.85,91,12,8.05,few clouds
616,Arucas,ES,28.1198,-15.5233,66.97,76,16,6.11,few clouds
617,San Juan,AR,-31.5375,-68.5364,87.44,22,0,9.04,clear sky
618,Jaguaruna,BR,-28.615,-49.0256,71.4,61,95,6.85,overcast clouds
619,Yarmouth,US,41.7057,-70.2286,42.03,89,100,23.0,overcast clouds
620,Izumo,JP,35.3667,132.7667,35.55,83,100,23.44,overcast clouds
621,Husavik,IS,66.0449,-17.3389,18.82,80,100,4.88,overcast clouds
622,Kajaani,FI,64.2273,27.7285,23.05,86,75,12.66,light snow
623,Watertown,US,42.3709,-71.1828,43.47,85,75,14.97,broken clouds
624,Houma,US,29.5958,-90.7195,51.01,86,100,12.66,overcast clouds
625,Rocha,UY,-34.4833,-54.3333,74.71,37,57,16.78,broken clouds
626,General Pico,AR,-35.6566,-63.7568,90.81,14,0,13.78,clear sky
627,Krasnosel'kup,RU,65.7,82.4667,4.95,95,100,16.02,light snow
628,Tripoli,LY,32.8752,13.1875,65.66,74,0,6.87,clear sky
629,Våler,NO,60.6785,11.8331,8.58,99,100,1.39,overcast clouds
630,Yunyang,CN,33.4474,112.7142,26.76,19,0,3.8,clear sky
631,Mama,RU,58.3106,112.8986,-4.85,98,100,4.25,overcast clouds
632,Zheleznodorozhnyy,RU,55.7503,38.0042,25.36,96,100,8.79,light snow
633,Pringsewu,ID,-5.3582,104.9744,73.29,93,53,2.84,broken clouds
634,Leningradskiy,RU,69.3833,178.4167,0.39,83,14,3.04,few clouds
635,Brae,GB,60.3964,-1.353,40.93,74,77,18.68,light rain
636,Lešnica,RS,44.6525,19.31,38.66,72,99,7.61,overcast clouds
637,Ciudad de Armería,MX,18.9333,-103.9667,79.9,48,99,2.84,overcast clouds
638,Shibetsu,JP,43.659,145.132,31.71,98,100,14.14,light snow
639,Biak,ID,-0.9131,122.8766,75.96,85,100,6.38,moderate rain
640,Baykit,RU,61.67,96.37,-23.48,100,51,1.57,broken clouds
641,Zhigansk,RU,66.7697,123.3711,-45.33,98,95,6.62,overcast clouds
642,Makakilo City,US,21.3469,-158.0858,69.62,82,0,5.75,clear sky
643,Kenora,CA,49.8167,-94.4337,13.17,85,100,11.5,light snow
644,North Platte,US,41.1239,-100.7654,31.12,58,100,14.0,overcast clouds
645,Gravdal,NO,68.1214,13.5031,28.29,100,75,6.91,light snow
646,Monrovia,LR,6.3005,-10.7969,85.77,74,36,9.51,scattered clouds
647,Aksu,CN,41.1231,80.2644,18.16,46,2,0.65,clear sky
648,Aginskoye,RU,51.1,114.53,-4.5,94,100,1.5,overcast clouds
649,Bereslavka,RU,48.6254,44.0449,32.77,88,92,10.18,overcast clouds
650,Saint-François,FR,46.4154,3.9054,23.68,93,100,3.44,fog
651,Worthing,GB,50.8145,-0.3713,40.89,74,0,9.22,clear sky
652,Rincon,US,32.296,-81.2354,61.86,27,75,8.05,broken clouds
653,Colorado Springs,US,38.8339,-104.8214,35.83,22,0,9.22,clear sky
654,Ubari,LY,26.5921,12.7805,68.76,27,0,7.7,clear sky
655,Oistins,BB,13.0667,-59.5333,84.29,65,20,24.16,few clouds
656,Fryazino,RU,55.9606,38.0456,24.21,96,100,9.06,light snow
657,Mayumba,GA,-3.432,10.6554,78.1,86,85,6.55,light rain
658,Ipixuna,BR,-1.7625,-48.8043,84.04,65,78,2.48,broken clouds
659,Sergeevka,KZ,53.88,67.4158,10.47,96,93,4.36,overcast clouds
660,Heihe,CN,50.2441,127.4902,-12.42,99,81,5.48,broken clouds
661,Whyalla,AU,-33.0333,137.5833,71.67,44,100,12.39,overcast clouds
662,Kandrian,PG,-6.2167,149.55,76.93,88,96,3.87,light rain
663,Takoradze,GH,4.8845,-1.7554,80.87,77,29,8.93,scattered clouds
664,Grand Gaube,MU,-20.0064,57.6608,78.39,69,74,11.99,broken clouds
665,Sinnamary,GF,5.3833,-52.95,78.93,88,100,11.41,overcast clouds
666,Cortez,US,37.3489,-108.5859,23.04,45,0,4.61,clear sky
667,Barnāla,IN,30.3833,75.55,57.42,28,0,3.0,clear sky
668,Kunduz,AF,36.729,68.857,47.91,41,29,0.87,scattered clouds
669,Charyshskoye,RU,51.3978,83.5598,15.67,84,56,3.89,broken clouds
670,Loikaw,MM,19.6742,97.2094,61.29,84,49,1.95,scattered clouds
671,Bata,GQ,1.8639,9.7658,80.26,79,73,3.96,broken clouds
672,Egvekinot,RU,66.3167,-179.1667,10.49,61,71,10.0,broken clouds
673,Nguru,NG,12.8791,10.4526,78.04,15,87,9.57,overcast clouds
674,Antalaha,MG,-14.9003,50.2788,74.71,80,93,3.78,overcast clouds
675,Lere,NG,10.387,8.5726,74.32,21,89,6.35,overcast clouds
676,Redditch,GB,52.3065,-1.9457,38.34,92,92,6.53,overcast clouds
677,Petropavlovsk-Kamchatskiy,RU,53.0452,158.6483,16.39,79,75,6.71,broken clouds
678,Jember,ID,-8.166,113.7032,72.63,94,88,0.63,overcast clouds
679,Adrar,MR,20.5022,-10.0711,76.98,22,61,9.84,broken clouds
680,Paragominas,BR,-2.9667,-47.4833,84.76,61,94,3.15,overcast clouds
681,Karacabey,TR,40.2152,28.4038,62.98,66,57,4.07,broken clouds
682,Huinan,CN,42.6225,126.2614,-3.89,83,72,6.13,broken clouds
683,Huarmey,PE,-10.0681,-78.1522,74.75,73,57,12.12,broken clouds
684,Jiuquan,CN,39.7432,98.5174,11.84,52,0,4.47,clear sky
685,Soyo,AO,-6.1349,12.3689,78.49,83,62,9.17,light rain
686,Vila,PT,42.0304,-8.1588,45.48,87,86,4.74,overcast clouds
687,Xuanzhou,CN,30.9525,118.7553,28.98,43,4,7.63,clear sky
688,Kenai,US,60.5544,-151.2583,3.15,83,0,4.61,mist
689,Calabozo,VE,8.9242,-67.4293,93.02,31,23,9.22,few clouds
690,Pundaguitan,PH,6.3711,126.1689,81.27,74,100,8.05,overcast clouds
691,Bafia,CM,4.75,11.2333,77.0,59,66,4.45,broken clouds
692,Ketchikan,US,55.3422,-131.6461,30.18,68,0,5.75,clear sky
693,Osinki,RU,52.8432,49.5132,28.49,81,100,10.16,overcast clouds
694,Bowen,AU,-20.0167,148.2333,79.32,70,69,18.34,broken clouds
695,Keskin,TR,39.6731,33.6136,46.4,79,89,3.69,overcast clouds
696,Barcelos,PT,41.5388,-8.6151,59.14,91,87,5.12,overcast clouds
697,Lodwar,KE,3.1191,35.5973,87.82,32,24,8.39,few clouds
698,Kloulklubed,PW,7.0419,134.2556,77.5,78,50,14.88,scattered clouds
699,Chicama,PE,-7.8447,-79.1469,68.54,59,100,9.46,overcast clouds
700,Lexington,US,37.9887,-84.4777,38.34,54,100,20.71,overcast clouds
701,Kokubu-matsuki,JP,31.7333,130.7667,39.78,94,98,14.03,light rain
702,San Ramon,US,37.7799,-121.978,49.75,75,0,0.0,mist
703,Crixás,BR,-14.5489,-49.9692,76.89,80,98,5.26,overcast clouds
704,Goundam,ML,16.4145,-3.6708,82.33,9,0,10.42,clear sky
705,Nokaneng,BW,-19.6667,22.2667,80.96,45,36,7.16,scattered clouds
706,Granville,AU,-33.8333,151.0167,59.43,91,75,18.41,shower rain
707,Temba,ZA,-25.3803,28.2631,78.82,86,85,8.41,overcast clouds
708,Pouébo,NC,-20.4,164.5667,76.26,84,13,4.76,few clouds
709,Rantepao,ID,-2.9701,119.8978,66.74,96,100,2.39,light rain
710,Taoudenni,ML,22.6783,-3.9836,79.09,20,10,8.46,clear sky
711,Teahupoo,PF,-17.8333,-149.2667,75.16,78,90,6.62,light rain
712,Paphos,CY,34.7667,32.4167,62.38,88,88,4.61,overcast clouds
713,Shima,CN,24.4478,117.8111,50.02,72,42,6.29,scattered clouds
714,Bolu Province,TR,40.6667,31.5833,48.94,80,30,4.65,scattered clouds
715,Barillas,GT,15.8036,-91.3158,73.11,54,77,4.9,broken clouds
716,Springfield,US,37.2153,-93.2982,28.22,66,100,11.5,overcast clouds
717,Joshīmath,IN,30.5667,79.5667,49.12,22,0,7.4,clear sky
718,Jiamusi,CN,46.8333,130.35,-7.49,87,82,3.96,broken clouds
719,Jalingo,NG,8.8833,11.3667,81.25,17,90,4.72,overcast clouds
720,Fort Thomas,US,39.0751,-84.4472,35.02,66,100,13.8,overcast clouds
